Title,URL handle,Description,Vendor,Type,Tags,Published on online store,Status,SKU,Option1 name,Option1 value,Option2 name,Option2 value,Price,Charge tax,Inventory tracker,Inventory quantity,Continue selling when out of stock,Weight value (grams),Weight unit for display,Requires shipping,Fulfillment service,Product image URL,Image position,Image alt text,Variant image URL,SEO title,SEO description
Tarn Merino Crew,tarn-merino-crew,"<p>A lightweight merino crew for moving fast in mild weather. Moves sweat, dries quickly and stays fresh for days.</p><p>Specs and ratings are illustrative. Scaur is a fictional demo brand.</p>",Scaur,Base,"layer-base, temp-lo:40, temp-hi:75, warmth:1, demo",TRUE,active,SC-TMC-SLAT-XS,Colour,Slate Blue,Size,XS,78.00,TRUE,shopify,3,deny,170,g,TRUE,manual,https://raw.githubusercontent.com/Boskiomoh/scaur/dev/assets/photos/base-blue.jpg,1,The Tarn Merino Crew in Slate Blue,https://raw.githubusercontent.com/Boskiomoh/scaur/dev/assets/photos/base-blue.jpg,Tarn Merino Crew | Scaur,"A lightweight merino crew for moving fast in mild weather. Moves sweat, dries quickly and stays fresh for days."
,tarn-merino-crew,,,,,,,SC-TMC-SLAT-S,Colour,Slate Blue,Size,S,78.00,TRUE,shopify,8,deny,170,g,TRUE,manual,,,,https://raw.githubusercontent.com/Boskiomoh/scaur/dev/assets/photos/base-blue.jpg,,
,tarn-merino-crew,,,,,,,SC-TMC-SLAT-M,Colour,Slate Blue,Size,M,78.00,TRUE,shopify,12,deny,170,g,TRUE,manual,,,,https://raw.githubusercontent.com/Boskiomoh/scaur/dev/assets/photos/base-blue.jpg,,
,tarn-merino-crew,,,,,,,SC-TMC-SLAT-L,Colour,Slate Blue,Size,L,78.00,TRUE,shopify,10,deny,170,g,TRUE,manual,,,,https://raw.githubusercontent.com/Boskiomoh/scaur/dev/assets/photos/base-blue.jpg,,
,tarn-merino-crew,,,,,,,SC-TMC-SLAT-XL,Colour,Slate Blue,Size,XL,78.00,TRUE,shopify,6,deny,170,g,TRUE,manual,,,,https://raw.githubusercontent.com/Boskiomoh/scaur/dev/assets/photos/base-blue.jpg,,
,tarn-merino-crew,,,,,,,SC-TMC-SLAT-XXL,Colour,Slate Blue,Size,XXL,78.00,TRUE,shopify,2,deny,170,g,TRUE,manual,,,,https://raw.githubusercontent.com/Boskiomoh/scaur/dev/assets/photos/base-blue.jpg,,
Tarn Merino Quarter-Zip,tarn-merino-quarter-zip,<p>Midweight merino with a quarter zip to dump heat on the climb. The base layer for cold starts.</p><p>Specs and ratings are illustrative. Scaur is a fictional demo brand.</p>,Scaur,Base,"layer-base, temp-lo:25, temp-hi:60, warmth:2, demo",TRUE,active,SC-TMQZ-EMBE-XS,Colour,Ember,Size,XS,92.00,TRUE,shopify,2,deny,240,g,TRUE,manual,https://raw.githubusercontent.com/Boskiomoh/scaur/dev/assets/photos/base-orange.jpg,1,"The Tarn Merino Quarter-Zip in Ember, snowy hills behind",https://raw.githubusercontent.com/Boskiomoh/scaur/dev/assets/photos/base-orange.jpg,Tarn Merino Quarter-Zip | Scaur,Midweight merino with a quarter zip to dump heat on the climb. The base layer for cold starts.
,tarn-merino-quarter-zip,,,,,,,SC-TMQZ-EMBE-S,Colour,Ember,Size,S,92.00,TRUE,shopify,6,deny,240,g,TRUE,manual,,,,https://raw.githubusercontent.com/Boskiomoh/scaur/dev/assets/photos/base-orange.jpg,,
,tarn-merino-quarter-zip,,,,,,,SC-TMQZ-EMBE-M,Colour,Ember,Size,M,92.00,TRUE,shopify,8,deny,240,g,TRUE,manual,,,,https://raw.githubusercontent.com/Boskiomoh/scaur/dev/assets/photos/base-orange.jpg,,
,tarn-merino-quarter-zip,,,,,,,SC-TMQZ-EMBE-L,Colour,Ember,Size,L,92.00,TRUE,shopify,7,deny,240,g,TRUE,manual,,,,https://raw.githubusercontent.com/Boskiomoh/scaur/dev/assets/photos/base-orange.jpg,,
,tarn-merino-quarter-zip,,,,,,,SC-TMQZ-EMBE-XL,Colour,Ember,Size,XL,92.00,TRUE,shopify,4,deny,240,g,TRUE,manual,,,,https://raw.githubusercontent.com/Boskiomoh/scaur/dev/assets/photos/base-orange.jpg,,
,tarn-merino-quarter-zip,,,,,,,SC-TMQZ-EMBE-XXL,Colour,Ember,Size,XXL,92.00,TRUE,shopify,0,deny,240,g,TRUE,manual,,,,https://raw.githubusercontent.com/Boskiomoh/scaur/dev/assets/photos/base-orange.jpg,,
Knoll Quarter-Zip,knoll-quarter-zip,<p>A smooth-faced fleece pullover for cool mornings. Layers cleanly under any shell.</p><p>Specs and ratings are illustrative. Scaur is a fictional demo brand.</p>,Scaur,Mid,"layer-mid, temp-lo:30, temp-hi:60, warmth:2, demo",TRUE,active,SC-KQZ-MIDN-XS,Colour,Midnight,Size,XS,104.00,TRUE,shopify,4,deny,280,g,TRUE,manual,https://raw.githubusercontent.com/Boskiomoh/scaur/dev/assets/photos/mid-navy-quarterzip.jpg,1,The Knoll Quarter-Zip in Midnight,https://raw.githubusercontent.com/Boskiomoh/scaur/dev/assets/photos/mid-navy-quarterzip.jpg,Knoll Quarter-Zip | Scaur,A smooth-faced fleece pullover for cool mornings. Layers cleanly under any shell.
,knoll-quarter-zip,,,,,,,SC-KQZ-MIDN-S,Colour,Midnight,Size,S,104.00,TRUE,shopify,7,deny,280,g,TRUE,manual,,,,https://raw.githubusercontent.com/Boskiomoh/scaur/dev/assets/photos/mid-navy-quarterzip.jpg,,
,knoll-quarter-zip,,,,,,,SC-KQZ-MIDN-M,Colour,Midnight,Size,M,104.00,TRUE,shopify,9,deny,280,g,TRUE,manual,,,,https://raw.githubusercontent.com/Boskiomoh/scaur/dev/assets/photos/mid-navy-quarterzip.jpg,,
,knoll-quarter-zip,,,,,,,SC-KQZ-MIDN-L,Colour,Midnight,Size,L,104.00,TRUE,shopify,9,deny,280,g,TRUE,manual,,,,https://raw.githubusercontent.com/Boskiomoh/scaur/dev/assets/photos/mid-navy-quarterzip.jpg,,
,knoll-quarter-zip,,,,,,,SC-KQZ-MIDN-XL,Colour,Midnight,Size,XL,104.00,TRUE,shopify,5,deny,280,g,TRUE,manual,,,,https://raw.githubusercontent.com/Boskiomoh/scaur/dev/assets/photos/mid-navy-quarterzip.jpg,,
,knoll-quarter-zip,,,,,,,SC-KQZ-MIDN-XXL,Colour,Midnight,Size,XXL,104.00,TRUE,shopify,3,deny,280,g,TRUE,manual,,,,https://raw.githubusercontent.com/Boskiomoh/scaur/dev/assets/photos/mid-navy-quarterzip.jpg,,
Knoll Grid Fleece,knoll-grid-fleece,<p>Grid-back fleece that traps warmth in the squares and breathes through the channels. The mid layer for working hard.</p><p>Specs and ratings are illustrative. Scaur is a fictional demo brand.</p>,Scaur,Mid,"layer-mid, temp-lo:25, temp-hi:55, warmth:2, demo",TRUE,active,SC-KGF-COBA-XS,Colour,Cobalt,Size,XS,118.00,TRUE,shopify,0,deny,310,g,TRUE,manual,https://raw.githubusercontent.com/Boskiomoh/scaur/dev/assets/photos/mid-blue-fleece.jpg,1,Hiker in the Knoll Grid Fleece in Cobalt,https://raw.githubusercontent.com/Boskiomoh/scaur/dev/assets/photos/mid-blue-fleece.jpg,Knoll Grid Fleece | Scaur,Grid-back fleece that traps warmth in the squares and breathes through the channels. The mid layer for working hard.
,knoll-grid-fleece,,,,,,,SC-KGF-COBA-S,Colour,Cobalt,Size,S,118.00,TRUE,shopify,4,deny,310,g,TRUE,manual,,,,https://raw.githubusercontent.com/Boskiomoh/scaur/dev/assets/photos/mid-blue-fleece.jpg,,
,knoll-grid-fleece,,,,,,,SC-KGF-COBA-M,Colour,Cobalt,Size,M,118.00,TRUE,shopify,3,deny,310,g,TRUE,manual,,,,https://raw.githubusercontent.com/Boskiomoh/scaur/dev/assets/photos/mid-blue-fleece.jpg,,
,knoll-grid-fleece,,,,,,,SC-KGF-COBA-L,Colour,Cobalt,Size,L,118.00,TRUE,shopify,6,deny,310,g,TRUE,manual,,,,https://raw.githubusercontent.com/Boskiomoh/scaur/dev/assets/photos/mid-blue-fleece.jpg,,
,knoll-grid-fleece,,,,,,,SC-KGF-COBA-XL,Colour,Cobalt,Size,XL,118.00,TRUE,shopify,5,deny,310,g,TRUE,manual,,,,https://raw.githubusercontent.com/Boskiomoh/scaur/dev/assets/photos/mid-blue-fleece.jpg,,
,knoll-grid-fleece,,,,,,,SC-KGF-COBA-XXL,Colour,Cobalt,Size,XXL,118.00,TRUE,shopify,2,deny,310,g,TRUE,manual,,,,https://raw.githubusercontent.com/Boskiomoh/scaur/dev/assets/photos/mid-blue-fleece.jpg,,
Bothy Pile Jacket,bothy-pile-jacket,"<p>High-loft pile that stays warm when damp. The mid layer for cold, still days and long stops.</p><p>Specs and ratings are illustrative. Scaur is a fictional demo brand.</p>",Scaur,Mid,"layer-mid, temp-lo:15, temp-hi:45, warmth:3, demo",TRUE,active,SC-BPJ-BARK-XS,Colour,Bark,Size,XS,148.00,TRUE,shopify,2,deny,420,g,TRUE,manual,https://raw.githubusercontent.com/Boskiomoh/scaur/dev/assets/photos/mid-brown-fleece.jpg,1,The Bothy Pile Jacket in Bark hanging on a wooden wall,https://raw.githubusercontent.com/Boskiomoh/scaur/dev/assets/photos/mid-brown-fleece.jpg,Bothy Pile Jacket | Scaur,"High-loft pile that stays warm when damp. The mid layer for cold, still days and long stops."
,bothy-pile-jacket,,,,,,,SC-BPJ-BARK-S,Colour,Bark,Size,S,148.00,TRUE,shopify,5,deny,420,g,TRUE,manual,,,,https://raw.githubusercontent.com/Boskiomoh/scaur/dev/assets/photos/mid-brown-fleece.jpg,,
,bothy-pile-jacket,,,,,,,SC-BPJ-BARK-M,Colour,Bark,Size,M,148.00,TRUE,shopify,6,deny,420,g,TRUE,manual,,,,https://raw.githubusercontent.com/Boskiomoh/scaur/dev/assets/photos/mid-brown-fleece.jpg,,
,bothy-pile-jacket,,,,,,,SC-BPJ-BARK-L,Colour,Bark,Size,L,148.00,TRUE,shopify,4,deny,420,g,TRUE,manual,,,,https://raw.githubusercontent.com/Boskiomoh/scaur/dev/assets/photos/mid-brown-fleece.jpg,,
,bothy-pile-jacket,,,,,,,SC-BPJ-BARK-XL,Colour,Bark,Size,XL,148.00,TRUE,shopify,2,deny,420,g,TRUE,manual,,,,https://raw.githubusercontent.com/Boskiomoh/scaur/dev/assets/photos/mid-brown-fleece.jpg,,
,bothy-pile-jacket,,,,,,,SC-BPJ-BARK-XXL,Colour,Bark,Size,XXL,148.00,TRUE,shopify,1,deny,420,g,TRUE,manual,,,,https://raw.githubusercontent.com/Boskiomoh/scaur/dev/assets/photos/mid-brown-fleece.jpg,,
,bothy-pile-jacket,,,,,,,SC-BPJ-OAT-XS,Colour,Oat,Size,XS,148.00,TRUE,shopify,1,deny,420,g,TRUE,manual,https://raw.githubusercontent.com/Boskiomoh/scaur/dev/assets/photos/mid-cream-pile.jpg,2,"Walker in the Bothy Pile Jacket in Oat, seen from behind",https://raw.githubusercontent.com/Boskiomoh/scaur/dev/assets/photos/mid-cream-pile.jpg,,
,bothy-pile-jacket,,,,,,,SC-BPJ-OAT-S,Colour,Oat,Size,S,148.00,TRUE,shopify,3,deny,420,g,TRUE,manual,,,,https://raw.githubusercontent.com/Boskiomoh/scaur/dev/assets/photos/mid-cream-pile.jpg,,
,bothy-pile-jacket,,,,,,,SC-BPJ-OAT-M,Colour,Oat,Size,M,148.00,TRUE,shopify,0,deny,420,g,TRUE,manual,,,,https://raw.githubusercontent.com/Boskiomoh/scaur/dev/assets/photos/mid-cream-pile.jpg,,
,bothy-pile-jacket,,,,,,,SC-BPJ-OAT-L,Colour,Oat,Size,L,148.00,TRUE,shopify,5,deny,420,g,TRUE,manual,,,,https://raw.githubusercontent.com/Boskiomoh/scaur/dev/assets/photos/mid-cream-pile.jpg,,
,bothy-pile-jacket,,,,,,,SC-BPJ-OAT-XL,Colour,Oat,Size,XL,148.00,TRUE,shopify,3,deny,420,g,TRUE,manual,,,,https://raw.githubusercontent.com/Boskiomoh/scaur/dev/assets/photos/mid-cream-pile.jpg,,
,bothy-pile-jacket,,,,,,,SC-BPJ-OAT-XXL,Colour,Oat,Size,XXL,148.00,TRUE,shopify,2,deny,420,g,TRUE,manual,,,,https://raw.githubusercontent.com/Boskiomoh/scaur/dev/assets/photos/mid-cream-pile.jpg,,
Belay Hoody,belay-hoody,"<p>Synthetic fill that keeps its warmth in wet snow and drizzle. Cut long, with a hood that fits over a helmet.</p><p>Specs and ratings are illustrative. Scaur is a fictional demo brand.</p>",Scaur,Insulation,"layer-insulation, temp-lo:0, temp-hi:40, warmth:4, demo",TRUE,active,SC-BH-GRAP-XS,Colour,Graphite,Size,XS,224.00,TRUE,shopify,1,deny,460,g,TRUE,manual,https://raw.githubusercontent.com/Boskiomoh/scaur/dev/assets/photos/insulation-black-climb.jpg,1,Climber on a boulder in the Belay Hoody in Graphite,https://raw.githubusercontent.com/Boskiomoh/scaur/dev/assets/photos/insulation-black-climb.jpg,Belay Hoody | Scaur,"Synthetic fill that keeps its warmth in wet snow and drizzle. Cut long, with a hood that fits over a helmet."
,belay-hoody,,,,,,,SC-BH-GRAP-S,Colour,Graphite,Size,S,224.00,TRUE,shopify,3,deny,460,g,TRUE,manual,,,,https://raw.githubusercontent.com/Boskiomoh/scaur/dev/assets/photos/insulation-black-climb.jpg,,
,belay-hoody,,,,,,,SC-BH-GRAP-M,Colour,Graphite,Size,M,224.00,TRUE,shopify,5,deny,460,g,TRUE,manual,,,,https://raw.githubusercontent.com/Boskiomoh/scaur/dev/assets/photos/insulation-black-climb.jpg,,
,belay-hoody,,,,,,,SC-BH-GRAP-L,Colour,Graphite,Size,L,224.00,TRUE,shopify,6,deny,460,g,TRUE,manual,,,,https://raw.githubusercontent.com/Boskiomoh/scaur/dev/assets/photos/insulation-black-climb.jpg,,
,belay-hoody,,,,,,,SC-BH-GRAP-XL,Colour,Graphite,Size,XL,224.00,TRUE,shopify,4,deny,460,g,TRUE,manual,,,,https://raw.githubusercontent.com/Boskiomoh/scaur/dev/assets/photos/insulation-black-climb.jpg,,
,belay-hoody,,,,,,,SC-BH-GRAP-XXL,Colour,Graphite,Size,XXL,224.00,TRUE,shopify,2,deny,460,g,TRUE,manual,,,,https://raw.githubusercontent.com/Boskiomoh/scaur/dev/assets/photos/insulation-black-climb.jpg,,
Cornice Down Jacket,cornice-down-jacket,"<p>Down fill in a wind-resistant shell. Pull it on at the top, at camp, or anywhere you stop moving in the cold.</p><p>Specs and ratings are illustrative. Scaur is a fictional demo brand.</p>",Scaur,Insulation,"layer-insulation, temp-lo:-10, temp-hi:35, warmth:5, demo",TRUE,active,SC-CDJ-SIGN-XS,Colour,Signal Red,Size,XS,268.00,TRUE,shopify,2,deny,390,g,TRUE,manual,https://raw.githubusercontent.com/Boskiomoh/scaur/dev/assets/photos/insulation-red.jpg,1,"The Cornice Down Jacket in Signal Red, mountains behind",https://raw.githubusercontent.com/Boskiomoh/scaur/dev/assets/photos/insulation-red.jpg,Cornice Down Jacket | Scaur,"Down fill in a wind-resistant shell. Pull it on at the top, at camp, or anywhere you stop moving in the cold."
,cornice-down-jacket,,,,,,,SC-CDJ-SIGN-S,Colour,Signal Red,Size,S,268.00,TRUE,shopify,4,deny,390,g,TRUE,manual,,,,https://raw.githubusercontent.com/Boskiomoh/scaur/dev/assets/photos/insulation-red.jpg,,
,cornice-down-jacket,,,,,,,SC-CDJ-SIGN-M,Colour,Signal Red,Size,M,268.00,TRUE,shopify,5,deny,390,g,TRUE,manual,,,,https://raw.githubusercontent.com/Boskiomoh/scaur/dev/assets/photos/insulation-red.jpg,,
,cornice-down-jacket,,,,,,,SC-CDJ-SIGN-L,Colour,Signal Red,Size,L,268.00,TRUE,shopify,5,deny,390,g,TRUE,manual,,,,https://raw.githubusercontent.com/Boskiomoh/scaur/dev/assets/photos/insulation-red.jpg,,
,cornice-down-jacket,,,,,,,SC-CDJ-SIGN-XL,Colour,Signal Red,Size,XL,268.00,TRUE,shopify,3,deny,390,g,TRUE,manual,,,,https://raw.githubusercontent.com/Boskiomoh/scaur/dev/assets/photos/insulation-red.jpg,,
,cornice-down-jacket,,,,,,,SC-CDJ-SIGN-XXL,Colour,Signal Red,Size,XXL,268.00,TRUE,shopify,1,deny,390,g,TRUE,manual,,,,https://raw.githubusercontent.com/Boskiomoh/scaur/dev/assets/photos/insulation-red.jpg,,
Squall Jacket,squall-jacket,<p>Light enough to forget in your pack until the shower comes through. Packs into its own pocket.</p><p>Specs and ratings are illustrative. Scaur is a fictional demo brand.</p>,Scaur,Shell,"layer-shell, temp-lo:40, temp-hi:75, warmth:1, demo, shell-role:showers",TRUE,active,SC-SJ-EMBE-XS,Colour,Ember,Size,XS,168.00,TRUE,shopify,2,deny,260,g,TRUE,manual,https://raw.githubusercontent.com/Boskiomoh/scaur/dev/assets/photos/shell-orange.jpg,1,The Squall Jacket in Ember on a hanger,https://raw.githubusercontent.com/Boskiomoh/scaur/dev/assets/photos/shell-orange.jpg,Squall Jacket | Scaur,Light enough to forget in your pack until the shower comes through. Packs into its own pocket.
,squall-jacket,,,,,,,SC-SJ-EMBE-S,Colour,Ember,Size,S,168.00,TRUE,shopify,5,deny,260,g,TRUE,manual,,,,https://raw.githubusercontent.com/Boskiomoh/scaur/dev/assets/photos/shell-orange.jpg,,
,squall-jacket,,,,,,,SC-SJ-EMBE-M,Colour,Ember,Size,M,168.00,TRUE,shopify,6,deny,260,g,TRUE,manual,,,,https://raw.githubusercontent.com/Boskiomoh/scaur/dev/assets/photos/shell-orange.jpg,,
,squall-jacket,,,,,,,SC-SJ-EMBE-L,Colour,Ember,Size,L,168.00,TRUE,shopify,6,deny,260,g,TRUE,manual,,,,https://raw.githubusercontent.com/Boskiomoh/scaur/dev/assets/photos/shell-orange.jpg,,
,squall-jacket,,,,,,,SC-SJ-EMBE-XL,Colour,Ember,Size,XL,168.00,TRUE,shopify,4,deny,260,g,TRUE,manual,,,,https://raw.githubusercontent.com/Boskiomoh/scaur/dev/assets/photos/shell-orange.jpg,,
,squall-jacket,,,,,,,SC-SJ-EMBE-XXL,Colour,Ember,Size,XXL,168.00,TRUE,shopify,2,deny,260,g,TRUE,manual,,,,https://raw.githubusercontent.com/Boskiomoh/scaur/dev/assets/photos/shell-orange.jpg,,
Ridgeback Softshell,ridgeback-softshell,"<p>Stretch softshell that blocks wind and sheds light rain while it breathes. For dry, gusty days on the ridge.</p><p>Specs and ratings are illustrative. Scaur is a fictional demo brand.</p>",Scaur,Shell,"layer-shell, temp-lo:20, temp-hi:55, warmth:1, demo, shell-role:wind",TRUE,active,SC-RS-STON-XS,Colour,Stone,Size,XS,188.00,TRUE,shopify,2,deny,520,g,TRUE,manual,https://raw.githubusercontent.com/Boskiomoh/scaur/dev/assets/photos/softshell-grey.jpg,1,Walker in the Ridgeback Softshell in Stone,https://raw.githubusercontent.com/Boskiomoh/scaur/dev/assets/photos/softshell-grey.jpg,Ridgeback Softshell | Scaur,"Stretch softshell that blocks wind and sheds light rain while it breathes. For dry, gusty days on the ridge."
,ridgeback-softshell,,,,,,,SC-RS-STON-S,Colour,Stone,Size,S,188.00,TRUE,shopify,4,deny,520,g,TRUE,manual,,,,https://raw.githubusercontent.com/Boskiomoh/scaur/dev/assets/photos/softshell-grey.jpg,,
,ridgeback-softshell,,,,,,,SC-RS-STON-M,Colour,Stone,Size,M,188.00,TRUE,shopify,5,deny,520,g,TRUE,manual,,,,https://raw.githubusercontent.com/Boskiomoh/scaur/dev/assets/photos/softshell-grey.jpg,,
,ridgeback-softshell,,,,,,,SC-RS-STON-L,Colour,Stone,Size,L,188.00,TRUE,shopify,7,deny,520,g,TRUE,manual,,,,https://raw.githubusercontent.com/Boskiomoh/scaur/dev/assets/photos/softshell-grey.jpg,,
,ridgeback-softshell,,,,,,,SC-RS-STON-XL,Colour,Stone,Size,XL,188.00,TRUE,shopify,3,deny,520,g,TRUE,manual,,,,https://raw.githubusercontent.com/Boskiomoh/scaur/dev/assets/photos/softshell-grey.jpg,,
,ridgeback-softshell,,,,,,,SC-RS-STON-XXL,Colour,Stone,Size,XXL,188.00,TRUE,shopify,1,deny,520,g,TRUE,manual,,,,https://raw.githubusercontent.com/Boskiomoh/scaur/dev/assets/photos/softshell-grey.jpg,,
Downpour Jacket,downpour-jacket,"<p>A 2.5-layer rain jacket for wet valley walks. Taped seams, a stowable hood and two hand pockets.</p><p>Specs and ratings are illustrative. Scaur is a fictional demo brand.</p>",Scaur,Shell,"layer-shell, temp-lo:35, temp-hi:70, warmth:1, demo, shell-role:rain",TRUE,active,SC-DJ-OLIV-XS,Colour,Olive,Size,XS,198.00,TRUE,shopify,3,deny,380,g,TRUE,manual,https://raw.githubusercontent.com/Boskiomoh/scaur/dev/assets/photos/shell-olive.jpg,1,"The Downpour Jacket in Olive, worn zipped",https://raw.githubusercontent.com/Boskiomoh/scaur/dev/assets/photos/shell-olive.jpg,Downpour Jacket | Scaur,"A 2.5-layer rain jacket for wet valley walks. Taped seams, a stowable hood and two hand pockets."
,downpour-jacket,,,,,,,SC-DJ-OLIV-S,Colour,Olive,Size,S,198.00,TRUE,shopify,6,deny,380,g,TRUE,manual,,,,https://raw.githubusercontent.com/Boskiomoh/scaur/dev/assets/photos/shell-olive.jpg,,
,downpour-jacket,,,,,,,SC-DJ-OLIV-M,Colour,Olive,Size,M,198.00,TRUE,shopify,7,deny,380,g,TRUE,manual,,,,https://raw.githubusercontent.com/Boskiomoh/scaur/dev/assets/photos/shell-olive.jpg,,
,downpour-jacket,,,,,,,SC-DJ-OLIV-L,Colour,Olive,Size,L,198.00,TRUE,shopify,8,deny,380,g,TRUE,manual,,,,https://raw.githubusercontent.com/Boskiomoh/scaur/dev/assets/photos/shell-olive.jpg,,
,downpour-jacket,,,,,,,SC-DJ-OLIV-XL,Colour,Olive,Size,XL,198.00,TRUE,shopify,5,deny,380,g,TRUE,manual,,,,https://raw.githubusercontent.com/Boskiomoh/scaur/dev/assets/photos/shell-olive.jpg,,
,downpour-jacket,,,,,,,SC-DJ-OLIV-XXL,Colour,Olive,Size,XXL,198.00,TRUE,shopify,3,deny,380,g,TRUE,manual,,,,https://raw.githubusercontent.com/Boskiomoh/scaur/dev/assets/photos/shell-olive.jpg,,
Scarp Shell,scarp-shell,"<p>The stormproof one. Three-layer waterproof fabric, taped seams, a hood that fits over a helmet and pit zips for when the climb heats up.</p><p>Specs and ratings are illustrative. Scaur is a fictional demo brand.</p>",Scaur,Shell,"layer-shell, temp-lo:-10, temp-hi:60, warmth:1, demo, shell-role:storm",TRUE,active,SC-SS-MOSS-XS,Colour,Moss,Size,XS,348.00,TRUE,shopify,0,deny,450,g,TRUE,manual,https://raw.githubusercontent.com/Boskiomoh/scaur/dev/assets/photos/shell-green-splash.jpg,1,"Hiker in the Scarp Shell in Moss, hood up, water splashing past",https://raw.githubusercontent.com/Boskiomoh/scaur/dev/assets/photos/shell-green-splash.jpg,Scarp Shell | Scaur,"The stormproof one. Three-layer waterproof fabric, taped seams, a hood that fits over a helmet and pit zips for when the climb heats up."
,scarp-shell,,,,,,,SC-SS-MOSS-S,Colour,Moss,Size,S,348.00,TRUE,shopify,4,deny,450,g,TRUE,manual,,,,https://raw.githubusercontent.com/Boskiomoh/scaur/dev/assets/photos/shell-green-splash.jpg,,
,scarp-shell,,,,,,,SC-SS-MOSS-M,Colour,Moss,Size,M,348.00,TRUE,shopify,3,deny,450,g,TRUE,manual,,,,https://raw.githubusercontent.com/Boskiomoh/scaur/dev/assets/photos/shell-green-splash.jpg,,
,scarp-shell,,,,,,,SC-SS-MOSS-L,Colour,Moss,Size,L,348.00,TRUE,shopify,9,deny,450,g,TRUE,manual,,,,https://raw.githubusercontent.com/Boskiomoh/scaur/dev/assets/photos/shell-green-splash.jpg,,
,scarp-shell,,,,,,,SC-SS-MOSS-XL,Colour,Moss,Size,XL,348.00,TRUE,shopify,2,deny,450,g,TRUE,manual,,,,https://raw.githubusercontent.com/Boskiomoh/scaur/dev/assets/photos/shell-green-splash.jpg,,
,scarp-shell,,,,,,,SC-SS-MOSS-XXL,Colour,Moss,Size,XXL,348.00,TRUE,shopify,6,deny,450,g,TRUE,manual,,,,https://raw.githubusercontent.com/Boskiomoh/scaur/dev/assets/photos/shell-green-splash.jpg,,
,scarp-shell,,,,,,,SC-SS-TIDE-XS,Colour,Tide,Size,XS,348.00,TRUE,shopify,0,deny,450,g,TRUE,manual,https://raw.githubusercontent.com/Boskiomoh/scaur/dev/assets/photos/shell-hood-rain.jpg,2,"The hood of the Scarp Shell in Tide, seen from behind in light rain",https://raw.githubusercontent.com/Boskiomoh/scaur/dev/assets/photos/shell-hood-rain.jpg,,
,scarp-shell,,,,,,,SC-SS-TIDE-S,Colour,Tide,Size,S,348.00,TRUE,shopify,5,deny,450,g,TRUE,manual,,,,https://raw.githubusercontent.com/Boskiomoh/scaur/dev/assets/photos/shell-hood-rain.jpg,,
,scarp-shell,,,,,,,SC-SS-TIDE-M,Colour,Tide,Size,M,348.00,TRUE,shopify,6,deny,450,g,TRUE,manual,,,,https://raw.githubusercontent.com/Boskiomoh/scaur/dev/assets/photos/shell-hood-rain.jpg,,
,scarp-shell,,,,,,,SC-SS-TIDE-L,Colour,Tide,Size,L,348.00,TRUE,shopify,8,deny,450,g,TRUE,manual,,,,https://raw.githubusercontent.com/Boskiomoh/scaur/dev/assets/photos/shell-hood-rain.jpg,,
,scarp-shell,,,,,,,SC-SS-TIDE-XL,Colour,Tide,Size,XL,348.00,TRUE,shopify,1,deny,450,g,TRUE,manual,,,,https://raw.githubusercontent.com/Boskiomoh/scaur/dev/assets/photos/shell-hood-rain.jpg,,
,scarp-shell,,,,,,,SC-SS-TIDE-XXL,Colour,Tide,Size,XXL,348.00,TRUE,shopify,0,deny,450,g,TRUE,manual,,,,https://raw.githubusercontent.com/Boskiomoh/scaur/dev/assets/photos/shell-hood-rain.jpg,,
